Job Title,Date Posted,Link
Sr. Incident Response Engineer,2021-03-08,https://jobs.jhu.edu/job/Baltimore-Sr_-Incident-Response-Engineer-MD-21209/683781500/
Research Technologist,2021-03-08,https://jobs.jhu.edu/job/Baltimore-Research-Technologist-MD-21205/720942200/
Research Program Coordinator,2021-03-08,https://jobs.jhu.edu/job/Baltimore-Research-Program-Coordinator-MD-21224/698510900/
Research Technologist,2021-03-08,https://jobs.jhu.edu/job/Baltimore-Research-Technologist-MD-21205-1832/720985500/
"Assistant Director, Student Conduct",2021-03-08,https://jobs.jhu.edu/job/Baltimore-Student-Life-Administrator-MD-21218/691780000/
Patient Service Coordinator/Medical Assistant,2021-03-08,https://jobs.jhu.edu/job/Columbia-Patient-Service-CoordinatorMedical-Assistant-MD-21044/698484400/
Patient Service Coordinator/Certified Medical Assistant,2021-03-08,https://jobs.jhu.edu/job/Lutherville-Patient-Service-CoordinatorCertified-Medical-Assistant-MD-21093/698520400/
Research Specialist,2021-03-08,https://jobs.jhu.edu/job/Baltimore-Research-Specialist-MD-21205/720899600/
Research Program Coordinator,2021-03-08,https://jobs.jhu.edu/job/Baltimore-Research-Program-Coordinator-MD-21224/720961100/
Research Program Coordinator,2021-03-08,https://jobs.jhu.edu/job/Baltimore-Research-Program-Coordinator-MD-21205/720945700/
Research Program Assistant II,2021-03-08,https://jobs.jhu.edu/job/Baltimore-Research-Program-Assistant-II-MD-21205-1832/720966500/
Laboratory Technician,2021-03-08,https://jobs.jhu.edu/job/Baltimore-Laboratory-Technician-MD-21202/720989100/
Research Technologist,2021-03-08,https://jobs.jhu.edu/job/Baltimore-Research-Technologist-MD-21205/691958600/
Research Program Coordinator,2021-03-08,https://jobs.jhu.edu/job/Baltimore-Research-Program-Coordinator-MD-21205/720994300/
Research Program Assistant II,2021-03-08,https://jobs.jhu.edu/job/Baltimore-Research-Program-Assistant-II-MD-21287/691862900/
Research Specialist II,2021-03-08,https://jobs.jhu.edu/job/Baltimore-Research-Specialist-II-MD-21287/698569700/
Sr. Research Program Coordinator,2021-03-08,https://jobs.jhu.edu/job/Baltimore-Sr_-Research-Program-Coordinator-MD-21287/683533100/
Research Program Coordinator,2021-03-08,https://jobs.jhu.edu/job/Baltimore-Research-Program-Coordinator-MD-21205/720943900/
Sr. Research Program Coordinator,2021-03-08,https://jobs.jhu.edu/job/Baltimore-Sr_-Research-Program-Coordinator-MD-21202/698524800/
Administrative Coordinator,2021-03-08,https://jobs.jhu.edu/job/Baltimore-Administrative-Coordinator-MD-21224/698481700/
Sr. Software Engineer,2021-03-08,https://jobs.jhu.edu/job/Baltimore-Sr_-Software-Engineer-MD-21209/720991700/
Sr. Academic Program Coordinator,2021-03-08,https://jobs.jhu.edu/job/Baltimore-Sr_-Academic-Program-Coordinator-MD-21218/720912900/
Programmer Analyst,2021-03-08,https://jobs.jhu.edu/job/Baltimore-Programmer-Analyst-MD-21205/698626300/
Research Technologist,2021-03-08,https://jobs.jhu.edu/job/Baltimore-Research-Technologist-MD-21205/720901300/
Research Data Analyst,2021-03-08,https://jobs.jhu.edu/job/Baltimore-Research-Data-Analyst-MD-21287/720996600/
LAN Administrator III,2021-03-08,https://jobs.jhu.edu/job/Baltimore-LAN-Administrator-III-MD-21205/720916900/
CO Associate Production Unit Manager,2021-03-08,https://jobs.jhu.edu/job/Baltimore-CO-Associate-Production-Unit-Manager-MD-21236/691759600/
Simulation Operations Manager,2021-03-08,https://jobs.jhu.edu/job/Baltimore-Simulation-Operations-Manager-MD-21787/691905500/
Laboratory  Technologist,2021-03-08,https://jobs.jhu.edu/job/Baltimore-Laboratory-Technologist-MD-21205/720892300/
Research Administration Trainee,2021-03-08,https://jobs.jhu.edu/job/Baltimore-Research-Administration-Trainee-MD-21218/712022200/
Research Nurse,2021-03-08,https://jobs.jhu.edu/job/Baltimore-Research-Nurse-MD-21287/698630700/
Research Technologist,2021-03-08,https://jobs.jhu.edu/job/Baltimore-Research-Technologist-MD-21205/691963800/
IRB Analyst,2021-03-08,https://jobs.jhu.edu/job/Baltimore-IRB-Analyst-MD-21205/720913500/
Research Specialist,2021-03-08,https://jobs.jhu.edu/job/Baltimore-Research-Specialist-MD-21287/720877300/
Academic Program Coordinator,2021-03-08,https://jobs.jhu.edu/job/Baltimore-Academic-Program-Coordinator-MD-21218/698683300/
Research Technologist,2021-03-08,https://jobs.jhu.edu/job/Baltimore-Research-Technologist-MD-21205-1832/720885700/
Patient Service Coordinator/Medical Assistant - Bilingual,2021-03-08,https://jobs.jhu.edu/job/Baltimore-Patient-Service-CoordinatorMedical-Assistant-Bilingual-MD-21202/691939200/
Sr. Program Officer,2021-03-07,https://jobs.jhu.edu/job/Baltimore-Sr_-Program-Officer-MD-21202/580242000/
Research program Manager,2021-03-07,https://jobs.jhu.edu/job/Baltimore-Research-program-Manager-MD-21287/698347800/
CO Clinical Nurse,2021-03-07,https://jobs.jhu.edu/job/Baltimore-CO-Clinical-Nurse-MD-21205/698351500/
Biostatistician,2021-03-07,https://jobs.jhu.edu/job/Baltimore-Biostatistician-MD-21202/683264000/
Ophthalmic Technician - Satellite Office,2021-03-07,https://jobs.jhu.edu/job/Frederick-Ophthalmic-Technician-Satellite-Office-MD-21702/703791800/
Research Technologist,2021-03-07,https://jobs.jhu.edu/job/Baltimore-Research-Technologist-MD-21224/703979700/
Research Specialist II,2021-03-07,https://jobs.jhu.edu/job/Baltimore-Research-Specialist-II-MD-21205/698349500/
Research Technologist,2021-03-07,https://jobs.jhu.edu/job/Baltimore-Research-Technologist-MD-21205/703811100/
Academic Services Specialist,2021-03-07,https://jobs.jhu.edu/job/Baltimore-Academic-Services-Specialist-MD-21218/691499200/
Community Outreach Specialist,2021-03-07,https://jobs.jhu.edu/job/Baltimore-Community-Outreach-Specialist-MD-21201/698347200/
CO Clinical Nurse,2021-03-07,https://jobs.jhu.edu/job/Towson-CO-Clinical-Nurse-MD-21204/683346700/
Web Applications Designer,2021-03-07,https://jobs.jhu.edu/job/Baltimore-Web-Applications-Designer-MD-21218/720801000/
Research Program Assistant II,2021-03-07,https://jobs.jhu.edu/job/Baltimore-Research-Program-Assistant-II-MD-21224/703992800/
Research Technologist,2021-03-07,https://jobs.jhu.edu/job/Baltimore-Research-Technologist-MD-21205/703986200/
Economic Data Analyst,2021-03-07,https://jobs.jhu.edu/job/Baltimore-Economic-Data-Analyst-MD-21218/703853600/
Grants &amp; Contracts Analyst,2021-03-06,https://jobs.jhu.edu/job/Baltimore-Grants-&-Contracts-Analyst-MD-21231/711668600/
Associate Director of Development,2021-03-06,https://jobs.jhu.edu/job/Baltimore-Associate-Director-of-Development-MD-21205/703700600/
Research Program Coordinator,2021-03-06,https://jobs.jhu.edu/job/Baltimore-Research-Program-Coordinator-MD-21224/703436800/
Sr. Biostatistician,2021-03-06,https://jobs.jhu.edu/job/Baltimore-Sr_-Biostatistician-MD-21287/698048500/
Systems Engineer,2021-03-06,https://jobs.jhu.edu/job/Baltimore-Systems-Engineer-MD-21218/668353900/
Sr. Administrative Coordinator,2021-03-06,https://jobs.jhu.edu/job/Baltimore-Sr_-Administrative-Coordinator-MD-21231/710755100/
Sr. Administrative Coordinator,2021-03-06,https://jobs.jhu.edu/job/Baltimore-Sr_-Administrative-Coordinator-MD-21205/703668300/
Multimedia Production Coordinator,2021-03-06,https://jobs.jhu.edu/job/Baltimore-Multimedia-Production-Coordinator-MD-21218/703695100/
Engagement Associate,2021-03-06,https://jobs.jhu.edu/job/Baltimore-Engagement-Associate-MD-21218/711791000/
Research Program Coordinator,2021-03-06,https://jobs.jhu.edu/job/Baltimore-Research-Program-Coordinator-MD-21205/698047700/
Research Specilist II,2021-03-06,https://jobs.jhu.edu/job/Baltimore-Research-Specilist-II-MD-21205-1503/711835400/
Materials Characterization &amp; Processing FIB Laboratory Manager,2021-03-06,https://jobs.jhu.edu/job/Baltimore-Materials-Characterization-&-Processing-FIB-Laboratory-Manager-MD-21218/697922700/
Research Phlebotomy Lead,2021-03-06,https://jobs.jhu.edu/job/Baltimore-Research-Phlebotomy-Lead-MD-21231/703432800/
CO Ophthalmic Technician,2021-03-06,https://jobs.jhu.edu/job/Baltimore-CO-Ophthalmic-Technician-MD-21287/676756600/
"Assistant Director, Scholars",2021-03-06,https://jobs.jhu.edu/job/Baltimore-Assistant-Director%2C-Scholars-MD-21218/711787700/
"Associate Director, Annual Giving",2021-03-06,https://jobs.jhu.edu/job/Baltimore-Associate-Director-MD-21218/703686400/
Research Program Assistant II,2021-03-06,https://jobs.jhu.edu/job/Baltimore-Research-Program-Assistant-II-MD-21205/691221900/
Sr. Research Program Coordinator,2021-03-06,https://jobs.jhu.edu/job/Baltimore-Sr_-Research-Program-Coordinator-MD-21205/711832900/
Research Technologist,2021-03-06,https://jobs.jhu.edu/job/Baltimore-Research-Technologist-MD-21287/698048100/
Grants &amp; Contracts Analyst,2021-03-05,https://jobs.jhu.edu/job/Baltimore-Grants-&-Contracts-Analyst-MD-21287/711513400/
Senior Advisor - CCI,2021-03-05,https://jobs.jhu.edu/job/remote-position-Senior-Advisor-CCI-Othe-remote-pos/703201900/
Library Specialist,2021-03-05,https://jobs.jhu.edu/job/Baltimore-Library-Specialist-MD-21218/720520800/
Nurse Practitioner Manager,2021-03-05,https://jobs.jhu.edu/job/Baltimore-Nurse-Practitioner-Manager-MD-21224/720668100/
Quality &amp; Innovation Project Administrat,2021-03-05,https://jobs.jhu.edu/job/Baltimore-Quality-&-Innovation-Project-Administrat-MD-21202/690893000/
Research Assistant,2021-03-05,https://jobs.jhu.edu/job/Baltimore-Research-Assistant-MD-21202/720557600/
Research Technologist,2021-03-05,https://jobs.jhu.edu/job/Baltimore-Research-Technologist-MD-21205/650081900/
Research Specialist II,2021-03-05,https://jobs.jhu.edu/job/Baltimore-Research-Specialist-II-MD-21231/690829300/
Sr. Bioinformatician,2021-03-05,https://jobs.jhu.edu/job/Baltimore-Sr_-Bioinformatician-MD-21287/697755000/
Data Assistant,2021-03-05,https://jobs.jhu.edu/job/Baltimore-Data-Assistant-MD-21205/711495600/
Associate Director Campus Operations,2021-03-05,https://jobs.jhu.edu/job/Baltimore-Associate-Director-Campus-Operations-MD-21205/703248400/
Research Program Assistant II,2021-03-05,https://jobs.jhu.edu/job/Baltimore-Research-Program-Assistant-II-MD-21231/720630400/
Grants &amp; Contracts Analyst,2021-03-05,https://jobs.jhu.edu/job/Baltimore-Grants-&-Contracts-Analyst-MD-21287/711493800/
Sr. Laboratory Coordinator,2021-03-05,https://jobs.jhu.edu/job/Baltimore-Sr_-Laboratory-Coordinator-MD-21218/720552100/
Community Outreach Specialist,2021-03-05,https://jobs.jhu.edu/job/Baltimore-Community-Outreach-Specialist-MD-21224/711498000/
Software Engineer/ Developer - Energetics Research Group,2021-03-05,https://jobs.jhu.edu/job/Columbia-Software-Engineer-Developer-Energetics-Research-Group-MD-21044/660990200/
Sr. Research Nurse,2021-03-05,https://jobs.jhu.edu/job/Baltimore-Sr_-Research-Nurse-MD-21224/711249400/
Research Assistant,2021-03-05,https://jobs.jhu.edu/job/Baltimore-Research-Assistant-MD-21218/711375500/
Speech Language Pathologist,2021-03-05,https://jobs.jhu.edu/job/New-York-Speech-Language-Pathologist-NY-10165/697731200/
CO Sr Medical Office Coordinator,2021-03-05,https://jobs.jhu.edu/job/Baltimore-CO-Sr-Medical-Office-Coordinator-MD-21224/690798200/
Patient Service Coordinator/MA,2021-03-04,https://jobs.jhu.edu/job/Lutherville-Patient-Service-CoordinatorMA-MD-21093/677474700/
Residential Resource Coordinator,2021-03-04,https://jobs.jhu.edu/job/Baltimore-Residential-Resource-Coordinator-MD-20774/710908200/
Research Technologist,2021-03-04,https://jobs.jhu.edu/job/Baltimore-Research-Technologist-MD-21231/720068600/
Sr. Research Program Coordinator,2021-03-04,https://jobs.jhu.edu/job/Baltimore-Sr_-Research-Program-Coordinator-MD-21205/720208900/
Research Program Assistant II,2021-03-04,https://jobs.jhu.edu/job/Baltimore-Research-Program-Assistant-II-MD-21224/710412000/
Research Technologist,2021-03-04,https://jobs.jhu.edu/job/Baltimore-Research-Technologist-MD-21231/720171700/
Community Outreach Engagement Liaison,2021-03-04,https://jobs.jhu.edu/job/Baltimore-Community-Outreach-Engagement-Liaison-MD-21287/720167100/
Instructional Technologist,2021-03-04,https://jobs.jhu.edu/job/Baltimore-Instructional-Technologist-MD-21205/710515700/
Research Program Assistant,2021-03-04,https://jobs.jhu.edu/job/Baltimore-Research-Program-Assistant-MD-21224/720072900/
Collection Specialist,2021-03-04,https://jobs.jhu.edu/job/Baltimore-Collection-Specialist-MD-21236/702961800/
Community Health Educator,2021-03-04,https://jobs.jhu.edu/job/Baltimore-Community-Health-Educator-MD-21287/720157100/
CO Patient Service Coordinator,2021-03-04,https://jobs.jhu.edu/job/Baltimore-CO-Patient-Service-Coordinator-MD-21287/720175300/
CTY Online Senior Program Manager - Language Arts,2021-03-04,https://jobs.jhu.edu/job/Baltimore-CTY-Online-Senior-Program-Manager-Language-Arts-MD-21209/674952500/
CO Medical Office Coordinator,2021-03-04,https://jobs.jhu.edu/job/Baltimore-CO-Medical-Office-Coordinator-MD-21205/670640500/
Research Program Assistant,2021-03-04,https://jobs.jhu.edu/job/Baltimore-Research-Program-Assistant-MD-21205/720093000/
Sr. Research Program Coordinator,2021-03-04,https://jobs.jhu.edu/job/Baltimore-Sr_-Research-Program-Coordinator-MD-21202/702382000/
Francophone Team Program Officer II,2021-03-04,https://jobs.jhu.edu/job/Baltimore-Francophone-Team-Program-Officer-II-MD-21202/702409600/
Assistant Administrator - Clinical,2021-03-04,https://jobs.jhu.edu/job/Baltimore-Assistant-Administrator-Clinical-MD-21205/702400000/
CO Clinical Nurse,2021-03-04,https://jobs.jhu.edu/job/Baltimore-CO-Clinical-Nurse-MD-21224/720068300/
CO Ophthalmic Technician Assistant,2021-03-04,https://jobs.jhu.edu/job/Frederick-CO-Ophthalmic-Technician-Assistant-MD-21702/667553600/
Research Program Coordinator,2021-03-04,https://jobs.jhu.edu/job/Baltimore-Research-Program-Coordinator-MD-21205/697190200/
CCEL Coordinator,2021-03-04,https://jobs.jhu.edu/job/Washington-CCEL-Coordinator-DC-20036/710632400/
Communications Director - CCI,2021-03-04,https://jobs.jhu.edu/job/Baltimore-Communications-Director-CCI-MD-21218/702411200/
Research Program Coordinator,2021-03-04,https://jobs.jhu.edu/job/Baltimore-Research-Program-Coordinator-MD-21224/720101300/
Research Technologist,2021-03-04,https://jobs.jhu.edu/job/Baltimore-Research-Technologist-MD-21205/720108500/
Residential Service Worker,2021-03-04,https://jobs.jhu.edu/job/Baltimore-Residential-Service-Worker-MD-21213/710912000/
Research Specialist II,2021-03-04,https://jobs.jhu.edu/job/Baltimore-Research-Specialist-II-MD-21205/720189400/
Administrative Coordinator,2021-03-04,https://jobs.jhu.edu/job/Baltimore-Administrative-Coordinator-MD-21287/720191900/
Research Technologist,2021-03-04,https://jobs.jhu.edu/job/Baltimore-Research-Technologist-MD-21287/702919500/
Sr. Clinical Social Worker,2021-03-04,https://jobs.jhu.edu/job/Baltimore-Sr_-Clinical-Social-Worker-MD-21224/702547600/
Research Technologist,2021-03-04,https://jobs.jhu.edu/job/Baltimore-Research-Technologist-MD-21205/710502600/
CO Nurse Practitioner,2021-03-04,https://jobs.jhu.edu/job/Baltimore-CO-Nurse-Practitioner-MD-21287/668084000/
Research Program Assistant II,2021-03-04,https://jobs.jhu.edu/job/Baltimore-Research-Program-Assistant-II-MD-21205/668013400/
Librarian III,2021-03-04,https://jobs.jhu.edu/job/Baltimore-Librarian-III-MD-21205/720188200/
Sr. Research Program Coordinator,2021-03-04,https://jobs.jhu.edu/job/Baltimore-Sr_-Research-Program-Coordinator-MD-21287/674642700/
Research Specialist,2021-03-04,https://jobs.jhu.edu/job/St_-Petersburg-Research-Specialist-FL-33701/697326200/
Sr. Grants &amp; Contracts Analyst,2021-03-04,https://jobs.jhu.edu/job/Baltimore-Sr_-Grants-&-Contracts-Analyst-MD-21205/702550200/
Biostatistician,2021-03-04,https://jobs.jhu.edu/job/Baltimore-Biostatistician-MD-21287/720180200/
Technology Development Associate,2021-03-04,https://jobs.jhu.edu/job/Baltimore-Technology-Development-Associate-MD-21205/710571800/
Research Data Analyst,2021-03-04,https://jobs.jhu.edu/job/Baltimore-Research-Data-Analyst-MD-21205/674833400/
Patient Service Coordinator,2021-03-04,https://jobs.jhu.edu/job/Columbia-Patient-Service-Coordinator-MD-21044/720178100/
Ophthalmic Technician,2021-03-04,https://jobs.jhu.edu/job/Columbia-Ophthalmic-Technician-MD-21044/710375700/
CO Sr Medical Office Coordinator,2021-03-04,https://jobs.jhu.edu/job/Baltimore-CO-Sr-Medical-Office-Coordinator-MD-21287/720193700/
"Assistant Director, JUMP",2021-03-04,https://jobs.jhu.edu/job/BALTIMORE-Assistant-Director%2C-JUMP-MD-21218/720181700/
Research Assistant,2021-03-04,https://jobs.jhu.edu/job/Baltimore-Research-Assistant-MD-21287/697354700/
Research Data Analyst,2021-03-04,https://jobs.jhu.edu/job/Baltimore-Research-Data-Analyst-MD-21231/702420500/
Sr. Programmer Analyst,2021-03-04,https://jobs.jhu.edu/job/Washington-Sr_-Developer-DC-20036/703001700/
Medical Office Coordinator/Medical Assistant,2021-03-04,https://jobs.jhu.edu/job/Bethesda-Medical-Office-CoordinatorMedical-Assistant-MD-20817/702958400/
Shift Security Supervisor,2021-03-04,https://jobs.jhu.edu/job/Washington-Shift-Security-Supervisor-DC-20036/710594800/
Research Specialist II,2021-03-04,https://jobs.jhu.edu/job/Baltimore-Research-Specialist-II-MD-21287-0005/667622800/
Medical Training Program Administrator,2021-03-04,https://jobs.jhu.edu/job/Baltimore-Medical-Training-Program-Administrator-MD-21224/710514700/
IRB Analyst,2021-03-04,https://jobs.jhu.edu/job/Baltimore-IRB-Analyst-MD-21205/720183600/
Research Data Analyst,2021-03-03,https://jobs.jhu.edu/job/Baltimore-Research-Data-Analyst-MD-21287/719586900/
Research Program Coordinator,2021-03-03,https://jobs.jhu.edu/job/Lutherville-Research-Program-Coordinator-MD-21093/719764800/
Research Program Manager,2021-03-03,https://jobs.jhu.edu/job/Baltimore-Research-Program-Manager-MD-21205/719555800/
Grants &amp; Contracts Analyst,2021-03-03,https://jobs.jhu.edu/job/Baltimore-Grants-&-Contracts-Analyst-MD-21287/719513100/
Sr. Research Specialist,2021-03-03,https://jobs.jhu.edu/job/Baltimore-Sr_-Research-Specialist-MD-21205/719604400/
Research Program Coordinator,2021-03-03,https://jobs.jhu.edu/job/Baltimore-Research-Program-Coordinator-MD-21287/719576400/
Research Program Assistant,2021-03-03,https://jobs.jhu.edu/job/Baltimore-Research-Program-Assistant-MD-21287/719550100/
Mail Distribution Operator/Driver,2021-03-03,https://jobs.jhu.edu/job/Baltimore-Mail-Distribution-OperatorDriver-MD-21209/719680100/
Research Program Coordinator,2021-03-03,https://jobs.jhu.edu/job/Baltimore-Research-Program-Coordinator-MD-21287/719582400/
Research Program Assistant II,2021-03-02,https://jobs.jhu.edu/job/Baltimore-Research-Program-Assistant-II-MD-21205/689712900/
Sr. Research Data Manager,2021-03-02,https://jobs.jhu.edu/job/Baltimore-Sr_-Research-Data-Manager-MD-21287/719334600/
Pricing Administrator,2021-03-02,https://jobs.jhu.edu/job/Baltimore-Pricing-Administrator-MD-21231/665760400/
Research Assistant,2021-03-02,https://jobs.jhu.edu/job/Baltimore-Research-Assistant-MD-21205/689711400/
Sr. Grants &amp; Contracts Analyst,2021-03-02,https://jobs.jhu.edu/job/Baltimore-Sr_-Grants-&-Contracts-Analyst-MD-21205/649307400/
Sr. Research Program Coordinator,2021-03-02,https://jobs.jhu.edu/job/Baltimore-Sr_-Research-Program-Coordinator-MD-21205/690196600/
Billing Coordinator - Registration,2021-03-02,https://jobs.jhu.edu/job/Middle-River-Billing-Coordinator-Registration-MD-21220/696633800/
Sr. Research Program Coordinator,2021-03-02,https://jobs.jhu.edu/job/Baltimore-Sr_-Research-Program-Coordinator-MD-21205/696646500/
Customer Services Specialist - EP,2021-03-02,https://jobs.jhu.edu/job/Baltimore-Customer-Services-Specialist-EP-MD-21218/719187100/
Research Nurse,2021-03-02,https://jobs.jhu.edu/job/Baltimore-Research-Nurse-MD-21287/719130900/
Sr. Academic Data Analyst,2021-03-02,https://jobs.jhu.edu/job/Baltimore-Sr_-Academic-Data-Analyst-MD-21205/710060400/
HVAC Technician,2021-03-02,https://jobs.jhu.edu/job/Baltimore-HVAC-Technician-MD-21218/696935800/
Research Data Analyst,2021-03-02,https://jobs.jhu.edu/job/Baltimore-Research-Data-Manager-MD-21205/696868000/
Research Program Coordinator,2021-03-02,https://jobs.jhu.edu/job/Baltimore-Research-Program-Coordinator-MD-21205/689711800/
Sr. Programmer Analyst,2021-03-02,https://jobs.jhu.edu/job/Baltimore-Sr_-Programmer-Analyst-MD-21287/710059200/
Research Technologist,2021-03-02,https://jobs.jhu.edu/job/Baltimore-Research-Technologist-MD-21287/719273600/
Sr. Research Data Analyst,2021-03-02,https://jobs.jhu.edu/job/Baltimore-Sr_-Research-Data-Analyst-MD-21287/719331700/
"Manager, Strategic Initiatives and Business Intelligence",2021-03-02,https://jobs.jhu.edu/job/Baltimore-Manager%2C-Strategic-Initiatives-and-Business-Intelligence-MD-21218/697041100/
Grants &amp; Contracts Manager,2021-03-02,https://jobs.jhu.edu/job/Baltimore-Grants-&-Contracts-Manager-MD-21205/696931300/
Sr. Research Program Manager,2021-03-02,https://jobs.jhu.edu/job/Baltimore-Sr_-Research-Program-Manager-MD-21202/689719800/
Administrative Coordinator,2021-03-02,https://jobs.jhu.edu/job/Baltimore-Administrative-Coordinator-MD-21218/710058100/
Sr. Research Nurse,2021-03-02,https://jobs.jhu.edu/job/Baltimore-Sr_-Research-Nurse-MD-21231/667421500/
Research Program Coordinator,2021-03-02,https://jobs.jhu.edu/job/Baltimore-Research-Program-Coordinator-MD-21224/719184100/
Database Administrator,2021-03-02,https://jobs.jhu.edu/job/Baltimore-Software-Engineer-MD-21205/673651000/
Research Technologist,2021-03-02,https://jobs.jhu.edu/job/Baltimore-Research-Technologist-MD-21287/667384400/
Administrative Specialist,2021-03-02,https://jobs.jhu.edu/job/Baltimore-Administrative-Specialist-MD-21287/689334000/
Biostatistician,2021-03-02,https://jobs.jhu.edu/job/Baltimore-Biostatistician-MD-21202/690206900/
Research Nurse,2021-03-02,https://jobs.jhu.edu/job/Baltimore-Research-Nurse-MD-21287/719132400/
Sr. Research Data Analyst,2021-03-02,https://jobs.jhu.edu/job/Baltimore-Sr_-Research-Data-Analyst-MD-21287/641281100/
Research Program Coordinator,2021-03-02,https://jobs.jhu.edu/job/Baltimore-Research-Program-Coordinator-MD-21287/719231500/
Research Specialist,2021-03-02,https://jobs.jhu.edu/job/Baltimore-Research-Specialist-MD-21205/696490500/
Simulation Center Director,2021-03-02,https://jobs.jhu.edu/job/Baltimore-Simulation-Center-Director-MD-21205/709956100/
AnVIL Project Manager,2021-03-02,https://jobs.jhu.edu/job/Baltimore-AnVIL-Project-Manager-MD-21218/682125700/
Laboratory Technician,2021-03-02,https://jobs.jhu.edu/job/Baltimore-Laboratory-Technician-MD-21287/719250000/
Teacher,2021-03-02,https://jobs.jhu.edu/job/New-York-Teacher-NY-10165/689729100/
Sr. Research Assistant,2021-03-02,https://jobs.jhu.edu/job/Baltimore-Sr_-Research-Assistant-MD-21205/689711500/
Research Specialist II,2021-03-02,https://jobs.jhu.edu/job/BALTIMORE-Research-Specialist-II-MD-21205/696824100/
Sr. Consult Office Assistant,2021-03-02,https://jobs.jhu.edu/job/Baltimore-Sr_-Consult-Office-Assistant-MD-21205/696870700/
"Senior Director of Development and Alumni Relations, CTY",2021-03-02,https://jobs.jhu.edu/job/Baltimore-Senior-Director-of-Development-and-Alumni-Relations%2C-CTY-MD-21209/719271000/
Neuroimaging Data Analyst,2021-03-02,https://jobs.jhu.edu/job/Baltimore-Neuroimaging-Data-Analyst-MD-21205/710073600/
Research Program Coordinator,2021-03-02,https://jobs.jhu.edu/job/Baltimore-Research-Program-Coordinator-MD-21224/719178600/
Research Specialist,2021-03-02,https://jobs.jhu.edu/job/Balttimore-Research-Specialist-MD-21205/690350300/
Laboratory Technician,2021-03-02,https://jobs.jhu.edu/job/Baltimore-Laboratory-Technician-MD-21205/719269100/
Research Data Analyst,2021-03-01,https://jobs.jhu.edu/job/Baltimore-Research-Data-Analyst-MD-21205/718822400/
Syringe Service Program Coordinator,2021-03-01,https://jobs.jhu.edu/job/Baltimore-Syringe-Service-Program-Coordinator-MD-21205/718896600/
Sr. Administrative Coordinator,2021-03-01,https://jobs.jhu.edu/job/Baltimore-Sr_-Administrative-Coordinator-MD-21287/718646500/
Sr. Administrative Coordinator,2021-03-01,https://jobs.jhu.edu/job/Baltimore-Sr_-Administrative-Coordinator-MD-21287/718802000/
Laboratory Technician,2021-03-01,https://jobs.jhu.edu/job/Baltimore-Laboratory-Technician-MD-21205/718853200/
Sr. Grants &amp; Contracts Analyst,2021-03-01,https://jobs.jhu.edu/job/Baltimore-Sr_-Grants-&-Contracts-Analyst-MD-21205/718654100/
Research Analyst,2021-03-01,https://jobs.jhu.edu/job/Baltimore-Research-Analyst-MD-21205/718787700/
Research Program Coordinator,2021-03-01,https://jobs.jhu.edu/job/Baltimore-Research-Program-Coordinator-MD-21231/718832700/
Research Assistant,2021-03-01,https://jobs.jhu.edu/job/Baltimore-Research-Assistant-MD-21205/718869800/
Research Assistant,2021-03-01,https://jobs.jhu.edu/job/Baltimore-Research-Assistant-MD-21218/718855300/
Grants &amp; Contracts Manager,2021-03-01,https://jobs.jhu.edu/job/Baltimore-Grants-&-Contracts-Manager-MD-21205/718667900/
Hop-In Program Assistant,2021-03-01,https://jobs.jhu.edu/job/BALTIMORE-Hop-In-Program-Assistant-MD-21218/718811100/
Grants &amp; Contracts Manager,2021-03-01,https://jobs.jhu.edu/job/Baltimore-Grants-&-Contracts-Manager-MD-21205/718658300/
Research Assistant,2021-03-01,https://jobs.jhu.edu/job/Baltimore-Research-Assistant-MD-21218/718860400/
Research Specialist,2021-03-01,https://jobs.jhu.edu/job/Baltimore-Research-Specialist-MD-21231/718885900/
Grants &amp; Contracts Analyst,2021-02-28,https://jobs.jhu.edu/job/Baltimore-Grants-&-Contracts-Analyst-MD-21287/696412700/
Sr. Medical Office Coordinator,2021-02-28,https://jobs.jhu.edu/job/Baltimore-Sr_-Medical-Office-Coordinator-MD-21287/709576200/
CO Patient Service Coordinator,2021-02-28,https://jobs.jhu.edu/job/Lutherville-CO-Patient-Service-Coordinator-MD-21093/709784700/
Sr Financial Analyst,2021-02-28,https://jobs.jhu.edu/job/Baltimore-Sr-Financial-Analyst-MD-21205/696373100/
CO Patient Service Coordinator/MA,2021-02-28,https://jobs.jhu.edu/job/Lutherville-CO-Patient-Service-CoordinatorMA-MD-21093/709586700/
Research Assistant,2021-02-28,https://jobs.jhu.edu/job/Baltimore-Research-Assistant-MD-21205/696273600/
Research Data Analyst,2021-02-28,https://jobs.jhu.edu/job/Baltimore-Research-Data-Analyst-MD-21287/659497900/
Certified Medical Assistant,2021-02-28,https://jobs.jhu.edu/job/Lutherville-Certified-Medical-Assistant-MD-21093/680959900/
CO Financial Counselor,2021-02-28,https://jobs.jhu.edu/job/Lutherville-CO-Financial-Counselor-MD-21093/689043900/
Budget Analyst,2021-02-28,https://jobs.jhu.edu/job/Baltimore-Budget-Analyst-MD-21218/696389000/
Research Program Assistant,2021-02-28,https://jobs.jhu.edu/job/Baltimore-Research-Program-Assistant-MD-21205/615232700/
Sr. Biostatistician,2021-02-28,https://jobs.jhu.edu/job/Baltimore-Sr_-Biostatistician-MD-21287/709722400/
"Assistant Program Manager, Language Arts",2021-02-28,https://jobs.jhu.edu/job/Baltimore-Assistant-Program-Manager-MD-21209/681133500/
Berman Institute Financial Analyst,2021-02-28,https://jobs.jhu.edu/job/Baltimore-Berman-Institute-Financial-Analyst-MD-21205/696409700/
Research Program Assistant II,2021-02-28,https://jobs.jhu.edu/job/Baltimore-Research-Program-Assistant-II-MD-21287/680964300/
HR Coordinator,2021-02-28,https://jobs.jhu.edu/job/Baltimore-HR-Coordinator-MD-21218/709628200/
Economic &amp; Inclusion Manager,2021-02-26,https://jobs.jhu.edu/job/Baltimore-Economic-&-Inclusion-Manager-MD-21211/709370500/
"Associate Director, Regional, Student and Young Alumni Programs",2021-02-26,https://jobs.jhu.edu/job/Baltimore-Associate-Director%2C-Regional%2C-Student-and-Young-Alumni-Programs-MD-21218/709381500/
CO Sr. Production Unit Manager,2021-02-26,https://jobs.jhu.edu/job/Nottingham-CO-Sr_-Production-Unit-Manager-MD-21236/709375900/
Strategic Communications Advisor-Human Resources,2021-02-26,https://jobs.jhu.edu/job/Baltimore-MD-Strategic-Communications-Advisor-Human-Resources-MD-21218/709246900/
Research Technologist,2021-02-26,https://jobs.jhu.edu/job/Baltimore-Research-Technologist-MD-21287/718272600/
Research Data Analyst,2021-02-26,https://jobs.jhu.edu/job/Baltimore-Research-Data-Analyst-MD-21237/666630300/
Sr. Medical Office Coordinator,2021-02-26,https://jobs.jhu.edu/job/Columbia-Sr_-Medical-Office-Coordinator-MD-21044/709419600/
Research Program Manager,2021-02-26,https://jobs.jhu.edu/job/Baltimore-Research-Program-Manager-MD-21205/718309100/
Research Technologist,2021-02-26,https://jobs.jhu.edu/job/Baltimore-Research-Technologist-MD-21205/709411900/
Sr. Research Specialist II,2021-02-26,https://jobs.jhu.edu/job/Baltimore-Sr_-Research-Specialist-II-MD-21205/718314500/
Financial Analyst,2021-02-26,https://jobs.jhu.edu/job/Baltimore-Financial-Analyst-MD-21205/638403500/
Software Engineer,2021-02-26,https://jobs.jhu.edu/job/Baltimore-Software-Engineer-MD-21209/709245400/
Space Systems Administrator,2021-02-26,https://jobs.jhu.edu/job/Baltimore-Space-Systems-Administrator-MD-21211/718169400/
Research Specialist,2021-02-26,https://jobs.jhu.edu/job/Baltimore-Research-Specialist-MD-21205/718197200/
Research Program Coordinator,2021-02-26,https://jobs.jhu.edu/job/Baltimore-Research-Program-Coordinator-MD-21224/718245300/
Research Specialist II,2021-02-26,https://jobs.jhu.edu/job/Baltimore-Research-Specialist-II-MD-21202/718199800/
Research Program Coordinator,2021-02-26,https://jobs.jhu.edu/job/Baltimore-Research-Program-Coordinator-MD-21287/718248900/
Course Support Specialist,2021-02-26,https://jobs.jhu.edu/job/Baltimore-Course-Support-Specialist-MD-21205/718165100/
Front End Developer - CCI,2021-02-26,https://jobs.jhu.edu/job/remote-position-Front-End-Developer-CCI-Othe-remote-pos/709409000/
CO Pulmonary Function Technologist- Cert,2021-02-26,https://jobs.jhu.edu/job/Baltimore-CO-Pulmonary-Function-Technologist-Cert-MD-21224/718276300/
Informationist II,2021-02-26,https://jobs.jhu.edu/job/Baltimore-Informationist-II-MD-21205/718168500/
Patient Service Coordinator/MA,2021-02-26,https://jobs.jhu.edu/job/Lutherville-Patient-Service-CoordinatorMA-MD-21093/718162700/
Residential Service Worker,2021-02-26,https://jobs.jhu.edu/job/Baltimore-Residential-Service-Worker-MD-21213/676738400/
Sr. Research Program Coordinator,2021-02-26,https://jobs.jhu.edu/job/Baltimore-Sr_-Research-Program-Coordinator-MD-21205/718341600/
Research Assistant,2021-02-26,https://jobs.jhu.edu/job/Baltimore-Research-Assistant-MD-21205/718281800/
Professional Development Manager,2021-02-25,https://jobs.jhu.edu/job/Baltimore-Professional-Development-Manager-MD-21218/717930400/
Sr. Research Program Coordinator,2021-02-25,https://jobs.jhu.edu/job/Baltimore-Sr_-Research-Program-Coordinator-MD-21205/695543900/
Research Specialist II,2021-02-25,https://jobs.jhu.edu/job/Baltimore-Research-Specialist-II-MD-21205/676763900/
Research Program Assistant II,2021-02-25,https://jobs.jhu.edu/job/Baltimore-Research-Program-Assistant-II-MD-21205/673307300/
Research Program Officer,2021-02-25,https://jobs.jhu.edu/job/Baltimore-Research-Program-Officer-MD-21231/708825200/
Sr. Research Program Officer,2021-02-25,https://jobs.jhu.edu/job/Baltimore-Sr_-Research-Program-Manager-MD-21287/666311600/
CO Ophthalmic Technician,2021-02-25,https://jobs.jhu.edu/job/Bethesda-CO-Ophthalmic-Technician-MD-20817/658836000/
Genetic Counseling Coordinator,2021-02-25,https://jobs.jhu.edu/job/Baltimore-Genetic-Counseling-Coordinator-MD-21287/709089500/
Research Assistant,2021-02-25,https://jobs.jhu.edu/job/Baltimore-Research-Assistant-MD-21205/666325000/
HR Generalist,2021-02-25,https://jobs.jhu.edu/job/Baltimore-HR-Generalist-MD-21218/717928700/
Research Technologist,2021-02-25,https://jobs.jhu.edu/job/Baltimore-Research-Technologist-MD-21287/666168200/
Inpatient Sr. Physician Assistant,2021-02-25,https://jobs.jhu.edu/job/Baltimore-Inpatient-Sr_-Physician-Assistant-MD-21224/695574800/
Curriculum Specialist – AP Statistics: Systemic Racism by the Data,2021-02-25,https://jobs.jhu.edu/job/Baltimore-Curriculum-Specialist-AP-Statistics-Systemic-Racism-by-the-Data-MD-21209/717771000/
Sr. Programmer Analyst,2021-02-25,https://jobs.jhu.edu/job/Baltimore-Sr_-Programmer-Analyst-MD-21218/666390700/
Nurse Practitioner,2021-02-24,https://jobs.jhu.edu/job/Los-Angeles-Nurse-Practitioner-CA-90071-1560/658321000/
Qualitative Research Data Analyst,2021-02-24,https://jobs.jhu.edu/job/Baltimore-Qualitative-Research-Data-Analyst-MD-21205/717311600/
Sr. Grants &amp; Contracts Analyst,2021-02-24,https://jobs.jhu.edu/job/Baltimore-Sr_-Grants-&-Contracts-Analyst-MD-21202/717293700/
"Technical Advisor, Service Delivery",2021-02-24,https://jobs.jhu.edu/job/Kathmandu-Technical-Advisor%2C-Service-Delivery-Othe-00000/665976400/
Accounting Specialist,2021-02-24,https://jobs.jhu.edu/job/Baltimore-Accounting-Specialist-MD-21218/673098900/
Physician Assistant,2021-02-24,https://jobs.jhu.edu/job/Los-Angeles-Physician-Assistant-CA-90071-1560/658321400/
Research Program Coordinator,2021-02-24,https://jobs.jhu.edu/job/Baltimore-Research-Program-Coordinator-MD-21205/708450100/
Research Assistant,2021-02-24,https://jobs.jhu.edu/job/Baltimore-Research-Assistant-MD-21205/717364500/
Research Data Analyst,2021-02-24,https://jobs.jhu.edu/job/Baltimore-Research-Data-Analyst-MD-21205/717551600/
Medical Office Coordinator,2021-02-24,https://jobs.jhu.edu/job/Baltimore-Medical-Office-Coordinator-MD-21224/717447600/
Research Program Coordinator,2021-02-24,https://jobs.jhu.edu/job/Baltimore-Research-Program-Coordinator-MD-21224/717561800/
Director of Campus Operations,2021-02-24,https://jobs.jhu.edu/job/Washington-Director-of-Campus-Operations-DC-20036/717465600/
Research Technologist,2021-02-24,https://jobs.jhu.edu/job/Baltimore-Research-Technologist-MD-21205/717400600/
Talent Acquisition Specialist,2021-02-24,https://jobs.jhu.edu/job/Baltimore-Talent-Acquisition-Specialist-MD-21218/717476200/
Research Program Assistant,2021-02-24,https://jobs.jhu.edu/job/Baltimore-Research-Program-Assistant-MD-21205/717369500/
Sr. Research Program Coordinator,2021-02-23,https://jobs.jhu.edu/job/Baltimore-Sr_-Research-Program-Coordinator-MD-21205/717122500/
Budget Specialist  – Berman Institute,2021-02-23,https://jobs.jhu.edu/job/Baltimore-Budget-Specialist-Berman-Institute-MD-21205/708234300/
Biostatistician,2021-02-23,https://jobs.jhu.edu/job/Baltimore-Biostatistician-MD-21205/708266200/
Administrative Specialist,2021-02-23,https://jobs.jhu.edu/job/Baltimore-Administrative-Specialist-MD-21287/716872900/
Sr. Administrative Coordinator,2021-02-23,https://jobs.jhu.edu/job/Baltimore-Sr_-Administrative-Coordinator-MD-21205/716896500/
Sr. Research Specialist,2021-02-23,https://jobs.jhu.edu/job/Baltimore-Sr_-Research-Specialist-MD-21205/680107200/
Grants &amp; Contracts Analyst,2021-02-23,https://jobs.jhu.edu/job/Baltimore-Grants-&-Contracts-Analyst-MD-21287/708154500/
Research Technologist,2021-02-23,https://jobs.jhu.edu/job/Baltimore-Research-Technologist-MD-21287/717121100/
Research Program Manager,2021-02-23,https://jobs.jhu.edu/job/Baltimore-Research-Program-Manager-MD-21287/680126300/
Level III Outreach Worker,2021-02-23,https://jobs.jhu.edu/job/Baltimore-Level-III-Outreach-Worker-MD-21287/665729600/
Research Technologist,2021-02-23,https://jobs.jhu.edu/job/Baltimore-Research-Technologist-MD-21287/717120100/
Pulmonary Function Technician,2021-02-23,https://jobs.jhu.edu/job/Baltimore-Pulmonary-Function-Technician-MD-21224/716985800/
Sr. Grants &amp; Contracts Analyst,2021-02-23,https://jobs.jhu.edu/job/Baltimore-Sr_-Grants-&-Contracts-Analyst-MD-21209/658163900/
Biostatistician,2021-02-23,https://jobs.jhu.edu/job/Baltimore-Biostatistician-MD-21205/688032200/
Telecom Billing Services Coordinator,2021-02-23,https://jobs.jhu.edu/job/Baltimore-Telecom-Billing-Services-Coordinator-MD-21209/717048400/
Laboratory Assistant / Slide Scanning Assistant,2021-02-23,https://jobs.jhu.edu/job/Baltimore-Laboratory-Assistant-Slide-Scanning-Assistant-MD-21287/716926100/
Program Coordinator,2021-02-23,https://jobs.jhu.edu/job/Baltimore-Program-Coordinator-MD-21205/717148000/
Sr. Associate Director Annual Giving Data Analytics,2021-02-23,https://jobs.jhu.edu/job/Baltimore-Sr_-Associate-Director-Annual-Giving-Data-Analytics-MD-21218/688157400/
Sr. Programmer Analyst,2021-02-23,https://jobs.jhu.edu/job/baltimore-Sr_-Programmer-Analyst-MD-21205/680102500/
Sr. Administrative Coordinator,2021-02-23,https://jobs.jhu.edu/job/Baltimore-Sr_-Administrative-Coordinator-MD-21224/717047600/
Grants &amp; Contracts Analyst,2021-02-22,https://jobs.jhu.edu/job/Baltimore-Grants-&-Contracts-Analyst-MD-21205/679825700/
Budget Analyst,2021-02-22,https://jobs.jhu.edu/job/Baltimore-Budget-Analyst-MD-21287/672051000/
Research Assistant,2021-02-22,https://jobs.jhu.edu/job/Baltimore-Research-Assistant-MD-21205/716729000/
Lead Software Engineer,2021-02-22,https://jobs.jhu.edu/job/Baltimore-Lead-Software-Engineer-MD-21202/716806800/
Sr. Research Nurse,2021-02-22,https://jobs.jhu.edu/job/Baltimore-Sr_-Research-Nurse-MD-21287/679991600/
Patient and Community Outreach Specialist,2021-02-22,https://jobs.jhu.edu/job/Baltimore-Patient-and-Community-Outreach-Specialist-MD-21231/716727500/
Research Program Assistant II,2021-02-22,https://jobs.jhu.edu/job/Baltimore-Research-Program-Assistant-II-MD-21287/716728200/
Research Assistant,2021-02-22,https://jobs.jhu.edu/job/Baltimore-Research-Assistant-MD-21287/716671900/
Research Assistant,2021-02-22,https://jobs.jhu.edu/job/TBD-Telecommute-Research-Assistant-MD-Baltimore/716670700/
Sr. Research Nurse,2021-02-22,https://jobs.jhu.edu/job/Baltimore-Sr_-Research-Nurse-MD-21287/679988900/
Sr. Research Program Coordinator,2021-02-22,https://jobs.jhu.edu/job/Baltimore-Sr_-Research-Program-Coordinator-MD-21205/687674200/
Research Specialist,2021-02-22,https://jobs.jhu.edu/job/Baltimore-Research-Specialist-MD-21287/679897400/
Sr. Research Program Coordinator II,2021-02-22,https://jobs.jhu.edu/job/Baltimore-Sr_-Research-Program-Coordinator-II-MD-21231/687707100/
Research Data Analyst,2021-02-22,https://jobs.jhu.edu/job/Baltimore-Research-Data-Analyst-MD-21287/687668700/
Research Nurse,2021-02-22,https://jobs.jhu.edu/job/Baltimore-Research-Nurse-MD-21231/680002900/
Administrative Coordinator,2021-02-22,https://jobs.jhu.edu/job/Baltimore-Administrative-Coordinator-MD-21205/716723200/
Biostatistician,2021-02-22,https://jobs.jhu.edu/job/Baltimore-Biostatistician-MD-21205/716672600/
Research Assistant,2021-02-22,https://jobs.jhu.edu/job/Baltimore-Research-Assistant-MD-21224/716670300/
Research Assistant,2021-02-22,https://jobs.jhu.edu/job/Baltimore-Research-Assistant-MD-21287/716669800/
Research Program Assistant II,2021-02-22,https://jobs.jhu.edu/job/Baltimore-Research-Program-Assistant-II-MD-21205/716669000/
Research Program Assistant II,2021-02-22,https://jobs.jhu.edu/job/Baltimore-Research-Program-Assistant-II-MD-21287/716727200/
Talent Operations Coordinator,2021-02-22,https://jobs.jhu.edu/job/Baltimore-Talent-Operations-Coordinator-MD-21218/716746700/
"Assistant Director, Experiential Learning",2021-02-22,https://jobs.jhu.edu/job/Baltimore-Assistant-Director%2C-Experiential-Learning-MD-21205/716617000/
Financial Analyst,2021-02-22,https://jobs.jhu.edu/job/Baltimore-Financial-Analyst-MD-21287/679946300/
Sr. Research Nurse,2021-02-22,https://jobs.jhu.edu/job/Ba-Sr_-Research-Nurse-MD-21287/672190000/
CO Clinical Nurse,2021-02-22,https://jobs.jhu.edu/job/Lutherville-CO-Clinical-Nurse-MD-21093/716673200/
Research Program Assistant II,2021-02-22,https://jobs.jhu.edu/job/Baltimore-Research-Program-Coordinator-MD-21287/716736300/
Research Assistant,2021-02-21,https://jobs.jhu.edu/job/Baltimore-Research-Assistant-MD-21218/707795200/
Research Program Assistant,2021-02-21,https://jobs.jhu.edu/job/Baltimore-Research-Program-Assistant-MD-21287/687124000/
HVAC Technician,2021-02-21,https://jobs.jhu.edu/job/Baltimore-HVAC-Technician-MD-21205/687163100/
CO Clinical Nurse,2021-02-21,https://jobs.jhu.edu/job/Baltimore-CO-Clinical-Nurse-MD-21205/687311600/
"Associate Director, Financial Aid Outreach",2021-02-21,https://jobs.jhu.edu/job/Baltimore-Associate-Director%2C-Financial-Aid-Outreach-MD-21218/687553300/
Technology Specialist,2021-02-21,https://jobs.jhu.edu/job/Baltimore-Technology-Specialist-KReady-MD-21046/675445500/
Research Specialist,2021-02-21,https://jobs.jhu.edu/job/St_-Petersburg-Research-Specialist-FL-33701/687202100/
Research Data Analyst,2021-02-21,https://jobs.jhu.edu/job/Baltimore-Research-Data-Analyst-MD-21205/687123800/
Research Technologist,2021-02-21,https://jobs.jhu.edu/job/Baltimore-Research-Technologist-MD-21287/707810800/
Immunogenetics Technologist Trainee,2021-02-21,https://jobs.jhu.edu/job/Baltimore-Immunogenetics-Technologist-Trainee-MD-21205/707722800/
Research Technologist,2021-02-21,https://jobs.jhu.edu/job/Baltimore-Research-Technologist-MD-21287/707668700/
Financial Manager,2021-02-21,https://jobs.jhu.edu/job/Baltimore-Financial-Manager-MD-21205/679059100/
Research Program Coordinator,2021-02-21,https://jobs.jhu.edu/job/Baltimore-Research-Program-Coordinator-MD-21287/637096400/
"Program Coordinator, Bloomberg Cities Hub",2021-02-21,https://jobs.jhu.edu/job/remote-position-Program-Coordinator%2C-Bloomberg-Cities-Hub-Othe-remote-pos/707633900/
Investment Analyst,2021-02-21,https://jobs.jhu.edu/job/Baltimore-Investment-Analyst-MD-21211/679439800/
Sr. Administrative Coordinator,2021-02-21,https://jobs.jhu.edu/job/Baltimore-Sr_-Administrative-Coordinator-MD-21218/707811200/
Research Technologist,2021-02-21,https://jobs.jhu.edu/job/Baltimore-Research-Technologist-MD-21287/707817200/
Research Technologist,2021-02-21,https://jobs.jhu.edu/job/Baltimore-Research-Technologist-MD-21205/707661600/
CO Pulmonary Function Technologist- Cert,2021-02-21,https://jobs.jhu.edu/job/Baltimore-CO-Pulmonary-Function-Technologist-Cert-MD-21205/687370000/
Research Data Analyst,2021-02-21,https://jobs.jhu.edu/job/BALTIMORE-Research-Data-Analyst-MD-21205-0000/638942500/
Sr. Administrative Coordinator,2021-02-21,https://jobs.jhu.edu/job/Baltimore-Sr_-Administrative-Coordinator-MD-21287/707810500/
Research Assistant,2021-02-21,https://jobs.jhu.edu/job/Baltimore-Research-Assistant-MD-21205/687348200/
CO Medical Office Coordinator,2021-02-21,https://jobs.jhu.edu/job/Baltimore-CO-Medical-Office-Coordinator-MD-21287/707605700/
Laboratory Manager,2021-02-21,https://jobs.jhu.edu/job/Baltimore-Laboratory-Manager-MD-21205/686931600/
CO CRNA,2021-02-21,https://jobs.jhu.edu/job/Nottingham-CO-CRNA-MD-21236/652705700/
CO CRNA,2021-02-21,https://jobs.jhu.edu/job/Baltimore-CO-CRNA-MD-21287/652706200/
Research Assistant,2021-02-21,https://jobs.jhu.edu/job/Baltimore-Research-Assistant-MD-21205/687523600/
Research Program Coordinator,2021-02-21,https://jobs.jhu.edu/job/Baltimore-Research-Program-Coordinator-MD-21287/637097100/
CO Physician Assistant,2021-02-20,https://jobs.jhu.edu/job/Baltimore-CO-Physician-Assistant-MD-21287/716284100/
CO Nurse Practitioner,2021-02-20,https://jobs.jhu.edu/job/Baltimore-CO-Nurse-Practitioner-MD-21287/716283900/
CO Medical Assistant,2021-02-20,https://jobs.jhu.edu/job/Lutherville-CO-Medical-Assistant-MD-21093/716292000/
Research Nurse/Coordinator,2021-02-19,https://jobs.jhu.edu/job/Baltimore-Research-NurseCoordinator-MD-21224/716207400/
Research Nurse,2021-02-19,https://jobs.jhu.edu/job/Baltimore-Research-Nurse-MD-21205/701080700/
Network Research Program Coordinator,2021-02-19,https://jobs.jhu.edu/job/Baltimore-Network-Research-Program-Coordinator-MD-21287/694275000/
Research Program Coordinator,2021-02-19,https://jobs.jhu.edu/job/Baltimore-Research-Program-Coordinator-MD-21287/716039700/
Sr. Research Program Coordinator,2021-02-19,https://jobs.jhu.edu/job/Baltimore-Sr_-Research-Program-Coordinator-MD-21287/707419500/
Administrative Coordinator,2021-02-19,https://jobs.jhu.edu/job/Baltimore-Administrative-Coordinator-MD-21218/700840100/
Research Specialist II,2021-02-19,https://jobs.jhu.edu/job/Baltimore-Research-Specialist-II-MD-21205/686777400/
Technology Licensing Analyst,2021-02-19,https://jobs.jhu.edu/job/Baltimore-Technology-Licensing-Analyst-MD-21205/701195500/
Research Nurse,2021-02-19,https://jobs.jhu.edu/job/Baltimore-Research-Nurse-MD-21287/707371100/
Director Office of Continuing Medical Education,2021-02-19,https://jobs.jhu.edu/job/Baltimore-Director-Office-of-Continuing-Medical-Education-MD-21205/716228300/
Sr. Research Program Coordinator II,2021-02-19,https://jobs.jhu.edu/job/Baltimore-Sr_-Research-Program-Coordinator-II-MD-21205/636253200/
Senior Medical Office Coordinator,2021-02-19,https://jobs.jhu.edu/job/Baltimore-Senior-Medical-Office-Coordinator-MD-21205/700845200/
Research Assistant,2021-02-19,https://jobs.jhu.edu/job/Baltimore-Research-Assistant-MD-21205/694657900/
Director of Application Development &amp; Management,2021-02-19,https://jobs.jhu.edu/job/Baltimore-Director-of-Application-Development-&-Management-MD-21211/707278500/
Research Assistant,2021-02-19,https://jobs.jhu.edu/job/Baltimore-Research-Assistant-MD-21218/657710000/
Research Program Assistant,2021-02-19,https://jobs.jhu.edu/job/Baltimore-Research-Program-Assistant-MD-21205/716015600/
Sr Research Program Coordinator,2021-02-19,https://jobs.jhu.edu/job/Baltimore-Sr-Research-Program-Coordinator-MD-21287/716206700/
Research Data Analyst,2021-02-19,https://jobs.jhu.edu/job/Baltimore-Research-Data-Analyst-MD-21205/716207700/
"Director, Ventures",2021-02-19,https://jobs.jhu.edu/job/Baltimore-Director%2C-Ventures-MD-21205/716235100/
University VA School Certifying Official,2021-02-19,https://jobs.jhu.edu/job/Baltimore-University-VA-School-Certifying-Official-MD-21218/716226100/
Sr. Research Program Coordinator,2021-02-19,https://jobs.jhu.edu/job/Baltimore-Sr_-Research-Program-Coordinator-MD-21224/716206400/
Laboratory Coordinator,2021-02-19,https://jobs.jhu.edu/job/Baltimore-Laboratory-Coordinator-MD-21205/694469300/
Research Program Coordinator,2021-02-19,https://jobs.jhu.edu/job/Baltimore-Research-Program-Coordinator-MD-21205/694622100/
Sr. Research Program Coordinator II,2021-02-19,https://jobs.jhu.edu/job/Baltimore-Sr_-Research-Program-Coordinator-II-MD-21287/707354100/
Collection Specialist,2021-02-19,https://jobs.jhu.edu/job/Middle-River-Collection-Specialist-MD-21220/707372800/
Nurse Practitioner,2021-02-19,https://jobs.jhu.edu/job/Baltimore-Nurse-Practitioner-MD-21287/707201100/
Research Technologist,2021-02-19,https://jobs.jhu.edu/job/Baltimore-Research-Technologist-MD-21205/701162600/
Research Program Assistant,2021-02-18,https://jobs.jhu.edu/job/Chinle-Research-Program-Assistant-AZ-86503/664425100/
Practicum and Alumni Partnership Coordinator,2021-02-18,https://jobs.jhu.edu/job/Baltimore-Practicum-and-Alumni-Partnership-Coordinator-MD-21205/700542700/
IT Sr. Project Administrator,2021-02-18,https://jobs.jhu.edu/job/Baltimore-IT-Sr_-Project-Administrator-MD-21211/700618200/
Academic Advisor,2021-02-18,https://jobs.jhu.edu/job/Baltimore-Academic-Advisor-MD-21202/700676200/
Sr. Technical Support Analyst,2021-02-18,https://jobs.jhu.edu/job/Baltimore-Sr_-Technical-Support-Analyst-MD-21218/706631200/
Senior Director of Strategic Prospect Information,2021-02-18,https://jobs.jhu.edu/job/Baltimore-Senior-Director-of-Strategic-Prospect-Information-MD-21211/700626600/
"Development Coordinator, Annual Giving",2021-02-18,https://jobs.jhu.edu/job/Baltimore-Senior-Development-Coordinator%2C-Annual-Giving-MD-21218/715739200/
Research Data Analyst,2021-02-18,https://jobs.jhu.edu/job/Baltimore-Research-Data-Analyst-MD-21205/715828500/
GRANTS &amp; CONTRACTS MANAGER,2021-02-18,https://jobs.jhu.edu/job/Baltimore-GRANTS-&-CONTRACTS-MANAGER-MD-21218/706507100/
CO Clinical Social Work Manager,2021-02-18,https://jobs.jhu.edu/job/Balt-CO-Clinical-Social-Work-Manager-MD-21287/700577900/
Laboratory Technologist,2021-02-18,https://jobs.jhu.edu/job/Baltimore-Laboratory-Technologist-MD-21205/671098800/
Research Assistant,2021-02-18,https://jobs.jhu.edu/job/Baltimore-Research-Assistant-MD-21205/651857200/
Patient Service Coordinator/Certified Medical Assistant,2021-02-18,https://jobs.jhu.edu/job/Lutherville-Patient-Service-CoordinatorCertified-Medical-Assistant-MD-21093/663152700/
Sr. Grants &amp; Contracts Analyst,2021-02-18,https://jobs.jhu.edu/job/Baltimore-Sr_-Grants-&-Contracts-Analyst-MD-21287/706592600/
Sr. Financial Analyst,2021-02-18,https://jobs.jhu.edu/job/Baltimore-Sr_-Financial-Analyst-MD-21218/715806100/
Grants &amp; Contracts Analyst,2021-02-18,https://jobs.jhu.edu/job/Baltimore-Grants-&-Contracts-Analyst-MD-21287/706559600/
Nurse Practitioner,2021-02-18,https://jobs.jhu.edu/job/Baltimore-Nurse-Practitioner-MD-21287/715839100/
Educational Advisor,2021-02-17,https://jobs.jhu.edu/job/Baltimore-Educational-Advisor-MD-21209/715326800/
Sr. Financial Analyst,2021-02-17,https://jobs.jhu.edu/job/Baltimore-Sr_-Financial-Analyst-MD-21205-1503/715301600/
Assistant Vice Provost for Enrollment Services,2021-02-17,https://jobs.jhu.edu/job/Baltimore-Assistant-Vice-Provost-for-Enrollment-Services-MD-21218/715403900/
Campus Police Sergeant,2021-02-17,https://jobs.jhu.edu/job/Batlimore-Campus-Police-Sergeant-MD-21211/715407000/
Research Assistant,2021-02-17,https://jobs.jhu.edu/job/Baltimore-Research-Assistant-MD-21205/715311400/
"Dir, Clinical Research Revenue Cycle &amp; Billing Compliance",2021-02-16,https://jobs.jhu.edu/job/Baltimore-Dir%2C-Clinical-Research-Revenue-Cycle-&-Billing-Compliance-MD-21202/686191500/
Research Data Analyst,2021-02-16,https://jobs.jhu.edu/job/Baltimore-Research-Data-Analyst-MD-21205/715128200/
Sr. Research Data Analyst,2021-02-16,https://jobs.jhu.edu/job/Baltimore-Sr_-Research-Data-Analyst-MD-21224/686283900/
Research Technologist,2021-02-16,https://jobs.jhu.edu/job/Baltimore-Research-Technologist-MD-21205/670949000/
Sr. Research Specialist,2021-02-16,https://jobs.jhu.edu/job/Baltimore-Sr_-Research-Specialist-MD-21287/686290800/
"Technical Writer, Pandemic Data Initiative",2021-02-16,https://jobs.jhu.edu/job/remote-position-Technical-Writer%2C-Pandemic-Data-Initiative-Othe-remote-pos/715006600/
Student Accounts Outreach Coordinator,2021-02-16,https://jobs.jhu.edu/job/Baltimore-Student-Accounts-Outreach-Coordinator-MD-21218/715004900/
Research Program Coordinator,2021-02-16,https://jobs.jhu.edu/job/Baltimore-Research-Program-Coordinator-MD-21093/715115100/
Divisional Human Resources Business Partner,2021-02-16,https://jobs.jhu.edu/job/Baltimore-Divisional-Human-Resources-Business-Partner-MD-21202/686137900/
Research Program Coordinator,2021-02-16,https://jobs.jhu.edu/job/Baltimore-Research-Program-Coordinator-MD-21237/715061000/
"Research Assistant, sIRB",2021-02-16,https://jobs.jhu.edu/job/Baltimore-Research-Assistant%2C-sIRB-MD-21202/714944100/
Senior Associate Dean for Finance and Administration,2021-02-16,https://jobs.jhu.edu/job/Baltimore-Senior-Associate-Dean-for-Finance-and-Administration-MD-21218/714942800/
"Research Assistant, Data Core",2021-02-16,https://jobs.jhu.edu/job/Baltimore-Research-Assistant%2C-Data-Core-MD-21202/714943300/
Research Specialist,2021-02-15,https://jobs.jhu.edu/job/Baltimore-Research-Specialist-MD-21287/694088600/
Research Data Manager,2021-02-15,https://jobs.jhu.edu/job/Baltimore-Research-Data-Manager-MD-21202/714766800/
WIC Service Associate,2021-02-15,https://jobs.jhu.edu/job/Baltimore-WIC-Service-Associate-MD-21224/714631500/
Sr. Research Program Coordinator II,2021-02-15,https://jobs.jhu.edu/job/Baltimore-Sr_-Research-Program-Coordinator-II-MD-21287/714774200/
CO Sr. Clinical Social Worker,2021-02-15,https://jobs.jhu.edu/job/Baltimore-CO-Sr_-Clinical-Social-Worker-MD-21287/714773200/
Patient Service Coordinator/MA,2021-02-15,https://jobs.jhu.edu/job/Odenton-Patient-Service-CoordinatorMA-MD-21113/693703600/
Research Program Assistant II,2021-02-15,https://jobs.jhu.edu/job/Duluth-Research-Program-Assistant-II-MN-55812/714679200/
Research Program Assistant,2021-02-15,https://jobs.jhu.edu/job/Baltimore-Research-Program-Assistant-MD-21205/670578600/
Sr. Research Program Coordinator,2021-02-15,https://jobs.jhu.edu/job/Baltimore-Sr_-Research-Program-Coordinator-MD-21237/714773800/
Patient Service Coordinator/MA,2021-02-15,https://jobs.jhu.edu/job/Baltimore-Patient-Service-CoordinatorMA-MD-21231/694094600/
Research Technologist,2021-02-15,https://jobs.jhu.edu/job/Baltimore-Research-Technologist-MD-21205/662537900/
Medical Training Coordinator,2021-02-15,https://jobs.jhu.edu/job/Baltimore-Medical-Training-Coordinator-MD-21287/714696100/
International Lab QA/QC Coordinator / IT Project Specialist,2021-02-15,https://jobs.jhu.edu/job/Baltimore-International-Lab-QAQC-Coordinator-IT-Project-Specialist-MD-21202/693744200/
Software Engineer,2021-02-15,https://jobs.jhu.edu/job/Baltimore-Software-Engineer-MD-21209/678012400/
Research Specialist II,2021-02-15,https://jobs.jhu.edu/job/Baltimore-Research-Specialist-II-MD-21287/685926400/
"Director Outside Interests, Office of Policy Coordination",2021-02-14,https://jobs.jhu.edu/job/Baltimore-Director-Outside-Interests%2C-Office-of-Policy-Coordination-MD-21202/636168900/
Grants &amp; Contracts Manager,2021-02-14,https://jobs.jhu.edu/job/Baltimore-Grants-&-Contracts-Manager-MD-21209/705514200/
Research Assistant,2021-02-14,https://jobs.jhu.edu/job/Baltimore-Research-Assistant-MD-21205/663338300/
Assistant Supervisor HVAC/ Plumbing,2021-02-14,https://jobs.jhu.edu/job/Baltimore-Assistant-Supervisor-HVAC-Plumbing-MD-21205/700014900/
Research Data Analyst,2021-02-14,https://jobs.jhu.edu/job/Baltimore-Research-Data-Analyst-MD-21205/684851000/
Sr. Operations Manager,2021-02-14,https://jobs.jhu.edu/job/Baltimore-Sr_-Operations-Manager-MD-21205/700164900/
Sr. Grants &amp; Contracts Analyst,2021-02-14,https://jobs.jhu.edu/job/Baltimore-Sr_-Grants-&-Contracts-Analyst-MD-21202/685111000/
Sr. Research Program Coordinator,2021-02-14,https://jobs.jhu.edu/job/Baltimore-Sr_-Research-Program-Coordinator-MD-21205/700002000/
Academic Program Coordinator,2021-02-14,https://jobs.jhu.edu/job/Baltimore-Academic-Program-Coordinator-MD-21218/693816900/
Sr. Research Data Analyst,2021-02-14,https://jobs.jhu.edu/job/Baltimore-Sr_-Research-Data-Analyst-MD-21205/685050400/
CO Patient Service Coordinator,2021-02-14,https://jobs.jhu.edu/job/Baltimore-CO-Patient-Service-Coordinator-MD-21287/693620200/
CO CRNA,2021-02-14,https://jobs.jhu.edu/job/Baltimore-CO-CRNA-MD-21224/651062300/
Research Program Assistant II,2021-02-14,https://jobs.jhu.edu/job/Baltimore-Research-Program-Assistant-II-MD-21205/677333600/
Executive Director- HEBCAC,2021-02-14,https://jobs.jhu.edu/job/Baltimore-Executive-Director-HEBCAC-MD-21213/677103700/
Community Outreach Specialist,2021-02-14,https://jobs.jhu.edu/job/Baltimore-Community-Outreach-Specialist-MD-21201/700000700/
"Instructional Designer, Online Programs",2021-02-14,https://jobs.jhu.edu/job/Baltimore-Instructional-Designer%2C-Online-Programs-MD-21209/700315500/
Associate Staff Engineer,2021-02-14,https://jobs.jhu.edu/job/Baltimore-Associate-Staff-Engineer-MD-21224/693070900/
Research Technologist,2021-02-14,https://jobs.jhu.edu/job/Baltimore-Research-Technologist-MD-21205/677521600/
Research Program Manager,2021-02-14,https://jobs.jhu.edu/job/Baltimore-Research-Program-Manager-MD-21205/684855300/
Teaching Assistant,2021-02-14,https://jobs.jhu.edu/job/Washington-Teaching-Assistant-International-Economics-DC-20036/670296600/
Backend Drupal Developer,2021-02-14,https://jobs.jhu.edu/job/Baltimore-Backend-Drupal-Developer-MD-21205/699629300/
Research Technologist,2021-02-14,https://jobs.jhu.edu/job/Baltimore-Research-Technologist-MD-21205/684853200/
Sr. Instructional Designer,2021-02-14,https://jobs.jhu.edu/job/Baltimore-Sr_-Instructional-Designer-MD-21218/676492300/
Research Program Coordinator,2021-02-14,https://jobs.jhu.edu/job/Baltimore-Research-Program-Coordinator-MD-21205/685416300/
"Quantitative Analyst, Centers for Civic Impact",2021-02-14,https://jobs.jhu.edu/job/remote-position-Quantitative-Analyst%2C-Centers-for-Civic-Impact-Othe-remote-pos/699794400/
Budget Analyst,2021-02-14,https://jobs.jhu.edu/job/Baltimore-Budget-Analyst-MD-21218/693491300/
Sr. Research Program Coordinator,2021-02-14,https://jobs.jhu.edu/job/Baltimore-Sr_-Research-Program-Coordinator-MD-21231/693589700/
Research Program Coordinator,2021-02-14,https://jobs.jhu.edu/job/Baltimore-Research-Program-Coordinator-MD-21231/684739700/
Sr. Financial Analyst,2021-02-14,https://jobs.jhu.edu/job/Baltimore-Sr_-Financial-Analyst-MD-21211/677107900/
Research Technologist,2021-02-14,https://jobs.jhu.edu/job/Baltimore-Research-Technologist-MD-21287/656340700/
Sr. Research Program Supervisor,2021-02-14,https://jobs.jhu.edu/job/Baltimore-Sr_-Research-Program-Supervisor-MD-21205/685369400/
Patient Service Coordinator/CMA,2021-02-14,https://jobs.jhu.edu/job/Baltimore-Patient-Service-CoordinatorCMA-MD-21287/705917200/
Research Technologist,2021-02-14,https://jobs.jhu.edu/job/Baltimore-Research-Technologist-MD-21205/700156100/
Patient Service Coordinator/MA,2021-02-14,https://jobs.jhu.edu/job/Baltimore-Patient-Service-CoordinatorMA-MD-21287/677473100/
Patient Service Coordinator/MA,2021-02-14,https://jobs.jhu.edu/job/Lutherville-Patient-Service-CoordinatorMA-MD-21093/677473900/
Sr. Grants &amp; Contracts Analyst,2021-02-14,https://jobs.jhu.edu/job/Baltimore-Sr_-Grants-&-Contracts-Analyst-MD-21287/677282900/
Laboratory Technician,2021-02-14,https://jobs.jhu.edu/job/Baltimore-Laboratory-Technician-MD-21287/693344500/
Laboratory Coordinator,2021-02-14,https://jobs.jhu.edu/job/Baltimore-Laboratory-Coordinator-MD-21205/705853700/
Executive Assistant,2021-02-12,https://jobs.jhu.edu/job/Baltimore-Executive-Assistant-MD-21205/714085400/
Sr. Grants &amp; Contracts Analyst,2021-02-12,https://jobs.jhu.edu/job/Baltimore-Sr_-Grants-&-Contracts-Analyst-MD-21205/714121300/
Sr. Research Data Analyst,2021-02-12,https://jobs.jhu.edu/job/Baltimore-Sr_-Research-Data-Analyst-MD-21202/713971300/
Clinical Research Program Administrator,2021-02-12,https://jobs.jhu.edu/job/Baltimore-Clinical-Research-Program-Administrator-MD-21287/713934900/
Research Specialist II,2021-02-12,https://jobs.jhu.edu/job/Baltimore-Research-Specialist-II-MD-21205/713957900/
Veterinary Research Technician,2021-02-12,https://jobs.jhu.edu/job/Baltimore-Veterinary-Research-Technician-MD-21205/713936600/
Sr. Grants &amp; Contracts Analyst,2021-02-12,https://jobs.jhu.edu/job/Baltimore-Sr_-Grants-&-Contracts-Analyst-MD-21205/714130000/
CO Nurse Practitioner,2021-02-12,https://jobs.jhu.edu/job/Baltimore-CO-Nurse-Practitioner-MD-21205/713794400/
Sr. Research Specialist,2021-02-12,https://jobs.jhu.edu/job/Baltimore-Sr_-Research-Specialist-MD-21287/714007500/
Grants &amp; Contracts Manager,2021-02-12,https://jobs.jhu.edu/job/Baltimore-Grants-&-Contracts-Manager-MD-21205/714135700/
"Product Manager, Bloomberg Cities Network",2021-02-12,https://jobs.jhu.edu/job/remote-position-Product-Manager%2C-Bloomberg-Cities-Network-Othe-remote-pos/714179500/
Sr. Grants &amp; Contracts Analyst,2021-02-11,https://jobs.jhu.edu/job/Baltimore-Sr_-Grants-&-Contracts-Analyst-MD-21205/713463700/
Associate Registrar,2021-02-11,https://jobs.jhu.edu/job/Baltimore-Associate-Registrar-MD-21218/713449500/
Sr. Research Program Coordinator,2021-02-11,https://jobs.jhu.edu/job/Baltimore-Sr_-Research-Program-Coordinator-MD-21202/662941900/
Research Assistant,2021-02-11,https://jobs.jhu.edu/job/Baltimore-Research-Assistant-MD-21218/713674600/
Monitoring Officer,2021-02-11,https://jobs.jhu.edu/job/Baltimore-Program-Understanding-and-Learning-Suite-%28PULSE%29-Monitoring-Officer-MD-21202/692759300/
Grants &amp; Contracts Manager,2021-02-11,https://jobs.jhu.edu/job/Baltimore-Grants-&-Contracts-Manager-MD-21205/713570200/
"Communications Coordinator, Annual Giving",2021-02-11,https://jobs.jhu.edu/job/Baltimore-Communications-Coordiinator-MD-21218/713727200/
Genetic Counselor,2021-02-11,https://jobs.jhu.edu/job/baltimore-Genetic-Counselor-MD-21205/713491700/
Sr. Grants &amp; Contracts Analyst,2021-02-11,https://jobs.jhu.edu/job/Baltimore-Sr_-Grants-&-Contracts-Analyst-MD-21205/705193300/
Sr. Biostatistician,2021-02-11,https://jobs.jhu.edu/job/Baltimore-Sr_-Biostatistician-MD-21205/692707300/
Grants &amp; Contracts Analyst,2021-02-11,https://jobs.jhu.edu/job/Baltimore-Grants-&-Contracts-Analyst-MD-21205/705206500/
Francophone Program Officer II,2021-02-11,https://jobs.jhu.edu/job/Baltimore-Francophone-Program-Officer-II-MD-21231/713627500/
Sr. Research Program Coordinator,2021-02-11,https://jobs.jhu.edu/job/Baltimore-Sr_-Research-Program-Coordinator-MD-21224/669757700/
Sr. Research Nurse,2021-02-11,https://jobs.jhu.edu/job/Baltimore-Sr_-Research-Nurse-MD-21231/669860800/
Research Technologist,2021-02-11,https://jobs.jhu.edu/job/Baltimore-Research-Technologist-MD-21224/705213200/
Research Technologist,2021-02-11,https://jobs.jhu.edu/job/Baltimore-Research-Technologist-MD-21205/669847400/
Grants &amp; Contracts Analyst,2021-02-11,https://jobs.jhu.edu/job/Baltimore-Grants-&-Contracts-Analyst-MD-21218-2683/713605300/
Biostatistician,2021-02-11,https://jobs.jhu.edu/job/Baltimore-Biostatistician-MD-21224/669882700/
Research Administration Budget Specialist,2021-02-11,https://jobs.jhu.edu/job/Baltimore-Research-Administration-Budget-Specialist-MD-21205/705215800/
"Executive Director for Inclusion, Excellence, Education &amp; Development",2021-02-11,https://jobs.jhu.edu/job/Baltimore-Executive-Director-for-Inclusion%2C-Excellence%2C-Education-&-Development-MD-21218/699387000/
Academic Program Manager,2021-02-11,https://jobs.jhu.edu/job/Baltimore-Academic-Program-Manager-MD-21205/713473300/
"Chief of Party, Bangladesh",2021-02-11,https://jobs.jhu.edu/job/Dhaka-1213-Chief-of-Party%2C-Bangladesh-Othe-00000/662839500/
Research Program Coordinator,2021-02-11,https://jobs.jhu.edu/job/Baltimore-Research-Program-Coordinator-MD-21224/692559500/
Research Technologist,2021-02-11,https://jobs.jhu.edu/job/Baltimore-Research-Technologist-MD-21205/669847000/
Sr. Grants &amp; Contracts Analyst,2021-02-10,https://jobs.jhu.edu/job/Baltimore-Sr_-Grants-&-Contracts-Analyst-MD-21218/704864500/
Sr. Biostatistician,2021-02-10,https://jobs.jhu.edu/job/Baltimore-Sr_-Biostatistician-MD-21202/684349900/
Sr. Grants &amp; Contracts Analyst,2021-02-10,https://jobs.jhu.edu/job/Baltimore-Sr_-Grants-&-Contracts-Analyst-MD-21287/704895600/
Research Assistant,2021-02-10,https://jobs.jhu.edu/job/Baltimore-Research-Assistant-MD-21202/662488400/
Research Program Coordinator,2021-02-10,https://jobs.jhu.edu/job/Baltimore-Research-Program-Coordinator-MD-21287/704894700/
Indo-US Program Administrator,2021-02-10,https://jobs.jhu.edu/job/Baltimore-Program-Administrator-MD-21202/712957000/
Grants &amp; Contracts Analyst,2021-02-10,https://jobs.jhu.edu/job/Baltimore-Grants-&-Contracts-Analyst-MD-21287/704900900/
Biostatistician,2021-02-10,https://jobs.jhu.edu/job/Baltimore-Biostatistician-MD-21202/581396300/
Research Nurse,2021-02-10,https://jobs.jhu.edu/job/Baltimore-Research-Nurse-MD-21205/655833700/
Grants &amp; Contracts Specialist,2021-02-10,https://jobs.jhu.edu/job/Baltimore-Grants-&-Contracts-Specialist-MD-21205/676853400/
Sr. Programmer Analyst,2021-02-10,https://jobs.jhu.edu/job/Baltimore-Sr_-Programmer-Analyst-MD-21202/662460700/
Interviewer,2021-02-10,https://jobs.jhu.edu/job/Baltimore-Interviewer-MD-21205/676418500/
CO Nurse Practitioner,2021-02-10,https://jobs.jhu.edu/job/Baltimore-CO-Nurse-Practitioner-MD-21224/676712900/
Research Tchnologist,2021-02-10,https://jobs.jhu.edu/job/Baltimore-Research-Tchnologist-MD-21205/655562500/
CO Medical Assistant,2021-02-10,https://jobs.jhu.edu/job/Lutherville-CO-Medical-Assistant-MD-21093/704636200/
Research Program Coordinator,2021-02-10,https://jobs.jhu.edu/job/Baltimore-Research-Program-Coordinator-MD-21287/704894100/
Clinical Research Program Specialist,2021-02-10,https://jobs.jhu.edu/job/Baltimore-Clinical-Research-Program-Specialist-MD-21231/704686900/
Research Nurse Supervisor,2021-02-10,https://jobs.jhu.edu/job/Chinle-Research-Nurse-Supervisor-AZ-86503/704809900/
Research Program Assistant,2021-02-10,https://jobs.jhu.edu/job/Gallup-Research-Program-Assistant-NM-87501/662237900/
Academic &amp; Student Success Advisor,2021-02-10,https://jobs.jhu.edu/job/BALTIMORE-Academic-&-Student-Success-Advisor-MD-21218/704806300/
Sr. HR / Payroll Coordinator,2021-02-10,https://jobs.jhu.edu/job/BALTIMORE-SAP-Work-Zip-Sr_-HR-Payroll-Coordinator-MD-21205/704935700/
Sr. Clinical Nurse,2021-02-10,https://jobs.jhu.edu/job/Baltimore-Sr_-Clinical-Nurse-MD-21231/704710600/
Sr. Research Program Coordinator,2021-02-10,https://jobs.jhu.edu/job/Baltimore-Sr_-Research-Program-Coordinator-MD-21287/699038000/
Research Program Assistant,2021-02-10,https://jobs.jhu.edu/job/Baltimore-Research-Program-Assistant-MD-21205/704659400/
Assistant Dir Corporate Partnerships,2021-02-10,https://jobs.jhu.edu/job/Baltimore-Assistant-Dir-Corporate-Partnerships-MD-21205/692392600/
Sr. Critical Care Physician Assistant,2021-02-10,https://jobs.jhu.edu/job/Baltimore-CO-Sr_-Physician-Assistant-MD-21224/676692500/
CO Ophthalmic Technician Assistant,2021-02-10,https://jobs.jhu.edu/job/Baltimore-CO-Ophthalmic-Technician-Assistant-MD-21287/676758600/
Research Specialist,2021-02-09,https://jobs.jhu.edu/job/Baltimore-Research-Specialist-MD-21205/712597100/
Research Program Assistant,2021-02-09,https://jobs.jhu.edu/job/Baltimore-Research-Program-Assistant-MD-21224/704260500/
Patient Service Coordinator/MA,2021-02-09,https://jobs.jhu.edu/job/Baltimore-Patient-Service-CoordinatorMA-MD-21205/712681800/
Bioinformatician,2021-02-09,https://jobs.jhu.edu/job/Baltimore-Bioinformatician-MD-21287/692104900/
Research Technologist,2021-02-09,https://jobs.jhu.edu/job/Baltimore-Research-Technologist-MD-21287/704268900/
Software Engineer,2021-02-09,https://jobs.jhu.edu/job/Baltimore-Software-Engineer-MD-21287/704546600/
Sr. Academic Program Coordinator,2021-02-09,https://jobs.jhu.edu/job/Baltimore-Sr_-Academic-Program-Coordinator-MD-21205/692124300/
Research Specialist,2021-02-09,https://jobs.jhu.edu/job/Baltimore-Research-Specialist-MD-21287/704497000/
Research Program Assistant II,2021-02-09,https://jobs.jhu.edu/job/Baltimore-Research-Program-Assistant-II-MD-21231/704261200/
Administrative Coordinator,2021-02-08,https://jobs.jhu.edu/job/Baltimore-Administrative-Coordinator-MD-21218/712167400/
Sr Financial Analyst,2021-02-08,https://jobs.jhu.edu/job/Baltimore-Sr-Financial-Analyst-MD-21224/712342500/
Research Program Coordinator,2021-02-08,https://jobs.jhu.edu/job/Baltimore-Research-Program-Coordinator-MD-21224/712325300/
Sr. Course Support Specialist - AAP,2021-02-08,https://jobs.jhu.edu/job/Baltimore-Sr_-Course-Support-Specialist-AAP-MD-21218/712405700/
Research Technologist,2021-02-08,https://jobs.jhu.edu/job/Baltimore-Research-Technologist-MD-21287/712271300/
Research Specialist II,2021-02-08,https://jobs.jhu.edu/job/Baltimore-Research-Specialist-II-MD-21205-1503/712132400/
Research Specialist II,2021-02-08,https://jobs.jhu.edu/job/Baltimore-Research-Specialist-II-MD-21205-1503/712123400/
Research Technologist,2021-02-08,https://jobs.jhu.edu/job/Baltimore-Research-Technologist-MD-21287/712277900/
Director Student Services,2021-02-08,https://jobs.jhu.edu/job/Baltimore-Director-Student-Services-MD-21205/712281400/
Financial Manager,2021-02-08,https://jobs.jhu.edu/job/Baltimore-Financial-Manager-MD-21287/712436100/
